brand,keyword,week,interest
GT's Living Foods,GT's Living Foods,2024-12-29,0
GT's Living Foods,GT's Living Foods,2025-01-05,0
GT's Living Foods,GT's Living Foods,2025-01-12,0
GT's Living Foods,GT's Living Foods,2025-01-19,0
GT's Living Foods,GT's Living Foods,2025-01-26,0
GT's Living Foods,GT's Living Foods,2025-02-02,0
GT's Living Foods,GT's Living Foods,2025-02-09,0
GT's Living Foods,GT's Living Foods,2025-02-16,0
GT's Living Foods,GT's Living Foods,2025-02-23,0
GT's Living Foods,GT's Living Foods,2025-03-02,0
GT's Living Foods,GT's Living Foods,2025-03-09,0
GT's Living Foods,GT's Living Foods,2025-03-16,0
GT's Living Foods,GT's Living Foods,2025-03-23,0
GT's Living Foods,GT's Living Foods,2025-03-30,0
GT's Living Foods,GT's Living Foods,2025-04-06,0
GT's Living Foods,GT's Living Foods,2025-04-13,0
GT's Living Foods,GT's Living Foods,2025-04-20,0
GT's Living Foods,GT's Living Foods,2025-04-27,0
GT's Living Foods,GT's Living Foods,2025-05-04,0
GT's Living Foods,GT's Living Foods,2025-05-11,0
GT's Living Foods,GT's Living Foods,2025-05-18,0
GT's Living Foods,GT's Living Foods,2025-05-25,0
GT's Living Foods,GT's Living Foods,2025-06-01,0
GT's Living Foods,GT's Living Foods,2025-06-08,0
GT's Living Foods,GT's Living Foods,2025-06-15,0
GT's Living Foods,GT's Living Foods,2025-06-22,0
GT's Living Foods,GT's Living Foods,2025-06-29,0
GT's Living Foods,GT's Living Foods,2025-07-06,0
GT's Living Foods,GT's Living Foods,2025-07-13,0
GT's Living Foods,GT's Living Foods,2025-07-20,0
GT's Living Foods,GT's Living Foods,2025-07-27,0
GT's Living Foods,GT's Living Foods,2025-08-03,0
GT's Living Foods,GT's Living Foods,2025-08-10,0
GT's Living Foods,GT's Living Foods,2025-08-17,0
GT's Living Foods,GT's Living Foods,2025-08-24,0
GT's Living Foods,GT's Living Foods,2025-08-31,0
GT's Living Foods,GT's Living Foods,2025-09-07,72
GT's Living Foods,GT's Living Foods,2025-09-14,0
GT's Living Foods,GT's Living Foods,2025-09-21,0
GT's Living Foods,GT's Living Foods,2025-09-28,0
GT's Living Foods,GT's Living Foods,2025-10-05,0
GT's Living Foods,GT's Living Foods,2025-10-12,0
GT's Living Foods,GT's Living Foods,2025-10-19,0
GT's Living Foods,GT's Living Foods,2025-10-26,0
GT's Living Foods,GT's Living Foods,2025-11-02,0
GT's Living Foods,GT's Living Foods,2025-11-09,0
GT's Living Foods,GT's Living Foods,2025-11-16,0
GT's Living Foods,GT's Living Foods,2025-11-23,0
GT's Living Foods,GT's Living Foods,2025-11-30,0
GT's Living Foods,GT's Living Foods,2025-12-07,0
GT's Living Foods,GT's Living Foods,2025-12-14,0
GT's Living Foods,GT's Living Foods,2025-12-21,0
GT's Living Foods,GT's Living Foods,2025-12-28,0
GT's Living Foods,GT's Living Foods,2026-01-04,0
GT's Living Foods,GT's Living Foods,2026-01-11,0
GT's Living Foods,GT's Living Foods,2026-01-18,0
GT's Living Foods,GT's Living Foods,2026-01-25,0
GT's Living Foods,GT's Living Foods,2026-02-01,0
GT's Living Foods,GT's Living Foods,2026-02-08,0
GT's Living Foods,GT's Living Foods,2026-02-15,0
GT's Living Foods,GT's Living Foods,2026-02-22,0
GT's Living Foods,GT's Living Foods,2026-03-01,0
GT's Living Foods,GT's Living Foods,2026-03-08,0
GT's Living Foods,GT's Living Foods,2026-03-15,0
Health-Ade,Health-Ade,2024-12-29,0
Health-Ade,Health-Ade,2025-01-05,0
Health-Ade,Health-Ade,2025-01-12,0
Health-Ade,Health-Ade,2025-01-19,0
Health-Ade,Health-Ade,2025-01-26,0
Health-Ade,Health-Ade,2025-02-02,0
Health-Ade,Health-Ade,2025-02-09,0
Health-Ade,Health-Ade,2025-02-16,0
Health-Ade,Health-Ade,2025-02-23,0
Health-Ade,Health-Ade,2025-03-02,0
Health-Ade,Health-Ade,2025-03-09,0
Health-Ade,Health-Ade,2025-03-16,0
Health-Ade,Health-Ade,2025-03-23,0
Health-Ade,Health-Ade,2025-03-30,0
Health-Ade,Health-Ade,2025-04-06,0
Health-Ade,Health-Ade,2025-04-13,0
Health-Ade,Health-Ade,2025-04-20,0
Health-Ade,Health-Ade,2025-04-27,0
Health-Ade,Health-Ade,2025-05-04,0
Health-Ade,Health-Ade,2025-05-11,0
Health-Ade,Health-Ade,2025-05-18,0
Health-Ade,Health-Ade,2025-05-25,0
Health-Ade,Health-Ade,2025-06-01,0
Health-Ade,Health-Ade,2025-06-08,0
Health-Ade,Health-Ade,2025-06-15,0
Health-Ade,Health-Ade,2025-06-22,0
Health-Ade,Health-Ade,2025-06-29,0
Health-Ade,Health-Ade,2025-07-06,0
Health-Ade,Health-Ade,2025-07-13,0
Health-Ade,Health-Ade,2025-07-20,0
Health-Ade,Health-Ade,2025-07-27,0
Health-Ade,Health-Ade,2025-08-03,0
Health-Ade,Health-Ade,2025-08-10,0
Health-Ade,Health-Ade,2025-08-17,0
Health-Ade,Health-Ade,2025-08-24,0
Health-Ade,Health-Ade,2025-08-31,0
Health-Ade,Health-Ade,2025-09-07,0
Health-Ade,Health-Ade,2025-09-14,0
Health-Ade,Health-Ade,2025-09-21,0
Health-Ade,Health-Ade,2025-09-28,0
Health-Ade,Health-Ade,2025-10-05,0
Health-Ade,Health-Ade,2025-10-12,0
Health-Ade,Health-Ade,2025-10-19,0
Health-Ade,Health-Ade,2025-10-26,0
Health-Ade,Health-Ade,2025-11-02,0
Health-Ade,Health-Ade,2025-11-09,0
Health-Ade,Health-Ade,2025-11-16,0
Health-Ade,Health-Ade,2025-11-23,0
Health-Ade,Health-Ade,2025-11-30,0
Health-Ade,Health-Ade,2025-12-07,0
Health-Ade,Health-Ade,2025-12-14,0
Health-Ade,Health-Ade,2025-12-21,0
Health-Ade,Health-Ade,2025-12-28,0
Health-Ade,Health-Ade,2026-01-04,0
Health-Ade,Health-Ade,2026-01-11,0
Health-Ade,Health-Ade,2026-01-18,0
Health-Ade,Health-Ade,2026-01-25,0
Health-Ade,Health-Ade,2026-02-01,0
Health-Ade,Health-Ade,2026-02-08,0
Health-Ade,Health-Ade,2026-02-15,0
Health-Ade,Health-Ade,2026-02-22,0
Health-Ade,Health-Ade,2026-03-01,8
Health-Ade,Health-Ade,2026-03-08,8
Health-Ade,Health-Ade,2026-03-15,0
Brew Dr. Kombucha,Brew Dr. Kombucha,2024-12-29,0
Brew Dr. Kombucha,Brew Dr. Kombucha,2025-01-05,0
Brew Dr. Kombucha,Brew Dr. Kombucha,2025-01-12,0
Brew Dr. Kombucha,Brew Dr. Kombucha,2025-01-19,0
Brew Dr. Kombucha,Brew Dr. Kombucha,2025-01-26,0
Brew Dr. Kombucha,Brew Dr. Kombucha,2025-02-02,0
Brew Dr. Kombucha,Brew Dr. Kombucha,2025-02-09,0
Brew Dr. Kombucha,Brew Dr. Kombucha,2025-02-16,0
Brew Dr. Kombucha,Brew Dr. Kombucha,2025-02-23,0
Brew Dr. Kombucha,Brew Dr. Kombucha,2025-03-02,0
Brew Dr. Kombucha,Brew Dr. Kombucha,2025-03-09,0
Brew Dr. Kombucha,Brew Dr. Kombucha,2025-03-16,0
Brew Dr. Kombucha,Brew Dr. Kombucha,2025-03-23,0
Brew Dr. Kombucha,Brew Dr. Kombucha,2025-03-30,0
Brew Dr. Kombucha,Brew Dr. Kombucha,2025-04-06,0
Brew Dr. Kombucha,Brew Dr. Kombucha,2025-04-13,0
Brew Dr. Kombucha,Brew Dr. Kombucha,2025-04-20,0
Brew Dr. Kombucha,Brew Dr. Kombucha,2025-04-27,0
Brew Dr. Kombucha,Brew Dr. Kombucha,2025-05-04,0
Brew Dr. Kombucha,Brew Dr. Kombucha,2025-05-11,0
Brew Dr. Kombucha,Brew Dr. Kombucha,2025-05-18,0
Brew Dr. Kombucha,Brew Dr. Kombucha,2025-05-25,0
Brew Dr. Kombucha,Brew Dr. Kombucha,2025-06-01,0
Brew Dr. Kombucha,Brew Dr. Kombucha,2025-06-08,0
Brew Dr. Kombucha,Brew Dr. Kombucha,2025-06-15,0
Brew Dr. Kombucha,Brew Dr. Kombucha,2025-06-22,0
Brew Dr. Kombucha,Brew Dr. Kombucha,2025-06-29,0
Brew Dr. Kombucha,Brew Dr. Kombucha,2025-07-06,0
Brew Dr. Kombucha,Brew Dr. Kombucha,2025-07-13,0
Brew Dr. Kombucha,Brew Dr. Kombucha,2025-07-20,0
Brew Dr. Kombucha,Brew Dr. Kombucha,2025-07-27,0
Brew Dr. Kombucha,Brew Dr. Kombucha,2025-08-03,0
Brew Dr. Kombucha,Brew Dr. Kombucha,2025-08-10,0
Brew Dr. Kombucha,Brew Dr. Kombucha,2025-08-17,0
Brew Dr. Kombucha,Brew Dr. Kombucha,2025-08-24,0
Brew Dr. Kombucha,Brew Dr. Kombucha,2025-08-31,0
Brew Dr. Kombucha,Brew Dr. Kombucha,2025-09-07,0
Brew Dr. Kombucha,Brew Dr. Kombucha,2025-09-14,0
Brew Dr. Kombucha,Brew Dr. Kombucha,2025-09-21,0
Brew Dr. Kombucha,Brew Dr. Kombucha,2025-09-28,0
Brew Dr. Kombucha,Brew Dr. Kombucha,2025-10-05,0
Brew Dr. Kombucha,Brew Dr. Kombucha,2025-10-12,0
Brew Dr. Kombucha,Brew Dr. Kombucha,2025-10-19,0
Brew Dr. Kombucha,Brew Dr. Kombucha,2025-10-26,0
Brew Dr. Kombucha,Brew Dr. Kombucha,2025-11-02,0
Brew Dr. Kombucha,Brew Dr. Kombucha,2025-11-09,0
Brew Dr. Kombucha,Brew Dr. Kombucha,2025-11-16,0
Brew Dr. Kombucha,Brew Dr. Kombucha,2025-11-23,0
Brew Dr. Kombucha,Brew Dr. Kombucha,2025-11-30,0
Brew Dr. Kombucha,Brew Dr. Kombucha,2025-12-07,0
Brew Dr. Kombucha,Brew Dr. Kombucha,2025-12-14,0
Brew Dr. Kombucha,Brew Dr. Kombucha,2025-12-21,0
Brew Dr. Kombucha,Brew Dr. Kombucha,2025-12-28,0
Brew Dr. Kombucha,Brew Dr. Kombucha,2026-01-04,0
Brew Dr. Kombucha,Brew Dr. Kombucha,2026-01-11,0
Brew Dr. Kombucha,Brew Dr. Kombucha,2026-01-18,0
Brew Dr. Kombucha,Brew Dr. Kombucha,2026-01-25,0
Brew Dr. Kombucha,Brew Dr. Kombucha,2026-02-01,0
Brew Dr. Kombucha,Brew Dr. Kombucha,2026-02-08,0
Brew Dr. Kombucha,Brew Dr. Kombucha,2026-02-15,0
Brew Dr. Kombucha,Brew Dr. Kombucha,2026-02-22,0
Brew Dr. Kombucha,Brew Dr. Kombucha,2026-03-01,0
Brew Dr. Kombucha,Brew Dr. Kombucha,2026-03-08,0
Brew Dr. Kombucha,Brew Dr. Kombucha,2026-03-15,0
Humm Kombucha,Humm Kombucha,2024-12-29,57
Humm Kombucha,Humm Kombucha,2025-01-05,50
Humm Kombucha,Humm Kombucha,2025-01-12,0
Humm Kombucha,Humm Kombucha,2025-01-19,0
Humm Kombucha,Humm Kombucha,2025-01-26,0
Humm Kombucha,Humm Kombucha,2025-02-02,0
Humm Kombucha,Humm Kombucha,2025-02-09,0
Humm Kombucha,Humm Kombucha,2025-02-16,74
Humm Kombucha,Humm Kombucha,2025-02-23,0
Humm Kombucha,Humm Kombucha,2025-03-02,0
Humm Kombucha,Humm Kombucha,2025-03-09,0
Humm Kombucha,Humm Kombucha,2025-03-16,0
Humm Kombucha,Humm Kombucha,2025-03-23,0
Humm Kombucha,Humm Kombucha,2025-03-30,0
Humm Kombucha,Humm Kombucha,2025-04-06,0
Humm Kombucha,Humm Kombucha,2025-04-13,0
Humm Kombucha,Humm Kombucha,2025-04-20,0
Humm Kombucha,Humm Kombucha,2025-04-27,0
Humm Kombucha,Humm Kombucha,2025-05-04,0
Humm Kombucha,Humm Kombucha,2025-05-11,0
Humm Kombucha,Humm Kombucha,2025-05-18,53
Humm Kombucha,Humm Kombucha,2025-05-25,67
Humm Kombucha,Humm Kombucha,2025-06-01,56
Humm Kombucha,Humm Kombucha,2025-06-08,61
Humm Kombucha,Humm Kombucha,2025-06-15,0
Humm Kombucha,Humm Kombucha,2025-06-22,57
Humm Kombucha,Humm Kombucha,2025-06-29,53
Humm Kombucha,Humm Kombucha,2025-07-06,0
Humm Kombucha,Humm Kombucha,2025-07-13,0
Humm Kombucha,Humm Kombucha,2025-07-20,51
Humm Kombucha,Humm Kombucha,2025-07-27,52
Humm Kombucha,Humm Kombucha,2025-08-03,0
Humm Kombucha,Humm Kombucha,2025-08-10,87
Humm Kombucha,Humm Kombucha,2025-08-17,64
Humm Kombucha,Humm Kombucha,2025-08-24,0
Humm Kombucha,Humm Kombucha,2025-08-31,100
Humm Kombucha,Humm Kombucha,2025-09-07,0
Humm Kombucha,Humm Kombucha,2025-09-14,0
Humm Kombucha,Humm Kombucha,2025-09-21,0
Humm Kombucha,Humm Kombucha,2025-09-28,46
Humm Kombucha,Humm Kombucha,2025-10-05,0
Humm Kombucha,Humm Kombucha,2025-10-12,0
Humm Kombucha,Humm Kombucha,2025-10-19,0
Humm Kombucha,Humm Kombucha,2025-10-26,0
Humm Kombucha,Humm Kombucha,2025-11-02,0
Humm Kombucha,Humm Kombucha,2025-11-09,0
Humm Kombucha,Humm Kombucha,2025-11-16,0
Humm Kombucha,Humm Kombucha,2025-11-23,0
Humm Kombucha,Humm Kombucha,2025-11-30,0
Humm Kombucha,Humm Kombucha,2025-12-07,0
Humm Kombucha,Humm Kombucha,2025-12-14,0
Humm Kombucha,Humm Kombucha,2025-12-21,0
Humm Kombucha,Humm Kombucha,2025-12-28,0
Humm Kombucha,Humm Kombucha,2026-01-04,0
Humm Kombucha,Humm Kombucha,2026-01-11,0
Humm Kombucha,Humm Kombucha,2026-01-18,0
Humm Kombucha,Humm Kombucha,2026-01-25,0
Humm Kombucha,Humm Kombucha,2026-02-01,0
Humm Kombucha,Humm Kombucha,2026-02-08,0
Humm Kombucha,Humm Kombucha,2026-02-15,0
Humm Kombucha,Humm Kombucha,2026-02-22,0
Humm Kombucha,Humm Kombucha,2026-03-01,20
Humm Kombucha,Humm Kombucha,2026-03-08,26
Humm Kombucha,Humm Kombucha,2026-03-15,0
LIVE Soda Kombucha,LIVE Soda Kombucha,2024-12-29,0
LIVE Soda Kombucha,LIVE Soda Kombucha,2025-01-05,0
LIVE Soda Kombucha,LIVE Soda Kombucha,2025-01-12,0
LIVE Soda Kombucha,LIVE Soda Kombucha,2025-01-19,0
LIVE Soda Kombucha,LIVE Soda Kombucha,2025-01-26,0
LIVE Soda Kombucha,LIVE Soda Kombucha,2025-02-02,0
LIVE Soda Kombucha,LIVE Soda Kombucha,2025-02-09,0
LIVE Soda Kombucha,LIVE Soda Kombucha,2025-02-16,0
LIVE Soda Kombucha,LIVE Soda Kombucha,2025-02-23,0
LIVE Soda Kombucha,LIVE Soda Kombucha,2025-03-02,0
LIVE Soda Kombucha,LIVE Soda Kombucha,2025-03-09,0
LIVE Soda Kombucha,LIVE Soda Kombucha,2025-03-16,0
LIVE Soda Kombucha,LIVE Soda Kombucha,2025-03-23,0
LIVE Soda Kombucha,LIVE Soda Kombucha,2025-03-30,0
LIVE Soda Kombucha,LIVE Soda Kombucha,2025-04-06,0
LIVE Soda Kombucha,LIVE Soda Kombucha,2025-04-13,0
LIVE Soda Kombucha,LIVE Soda Kombucha,2025-04-20,0
LIVE Soda Kombucha,LIVE Soda Kombucha,2025-04-27,0
LIVE Soda Kombucha,LIVE Soda Kombucha,2025-05-04,0
LIVE Soda Kombucha,LIVE Soda Kombucha,2025-05-11,0
LIVE Soda Kombucha,LIVE Soda Kombucha,2025-05-18,0
LIVE Soda Kombucha,LIVE Soda Kombucha,2025-05-25,0
LIVE Soda Kombucha,LIVE Soda Kombucha,2025-06-01,0
LIVE Soda Kombucha,LIVE Soda Kombucha,2025-06-08,0
LIVE Soda Kombucha,LIVE Soda Kombucha,2025-06-15,0
LIVE Soda Kombucha,LIVE Soda Kombucha,2025-06-22,0
LIVE Soda Kombucha,LIVE Soda Kombucha,2025-06-29,0
LIVE Soda Kombucha,LIVE Soda Kombucha,2025-07-06,0
LIVE Soda Kombucha,LIVE Soda Kombucha,2025-07-13,0
LIVE Soda Kombucha,LIVE Soda Kombucha,2025-07-20,0
LIVE Soda Kombucha,LIVE Soda Kombucha,2025-07-27,0
LIVE Soda Kombucha,LIVE Soda Kombucha,2025-08-03,0
LIVE Soda Kombucha,LIVE Soda Kombucha,2025-08-10,0
LIVE Soda Kombucha,LIVE Soda Kombucha,2025-08-17,0
LIVE Soda Kombucha,LIVE Soda Kombucha,2025-08-24,0
LIVE Soda Kombucha,LIVE Soda Kombucha,2025-08-31,0
LIVE Soda Kombucha,LIVE Soda Kombucha,2025-09-07,0
LIVE Soda Kombucha,LIVE Soda Kombucha,2025-09-14,0
LIVE Soda Kombucha,LIVE Soda Kombucha,2025-09-21,0
LIVE Soda Kombucha,LIVE Soda Kombucha,2025-09-28,0
LIVE Soda Kombucha,LIVE Soda Kombucha,2025-10-05,0
LIVE Soda Kombucha,LIVE Soda Kombucha,2025-10-12,0
LIVE Soda Kombucha,LIVE Soda Kombucha,2025-10-19,0
LIVE Soda Kombucha,LIVE Soda Kombucha,2025-10-26,0
LIVE Soda Kombucha,LIVE Soda Kombucha,2025-11-02,0
LIVE Soda Kombucha,LIVE Soda Kombucha,2025-11-09,0
LIVE Soda Kombucha,LIVE Soda Kombucha,2025-11-16,0
LIVE Soda Kombucha,LIVE Soda Kombucha,2025-11-23,0
LIVE Soda Kombucha,LIVE Soda Kombucha,2025-11-30,0
LIVE Soda Kombucha,LIVE Soda Kombucha,2025-12-07,0
LIVE Soda Kombucha,LIVE Soda Kombucha,2025-12-14,0
LIVE Soda Kombucha,LIVE Soda Kombucha,2025-12-21,0
LIVE Soda Kombucha,LIVE Soda Kombucha,2025-12-28,0
LIVE Soda Kombucha,LIVE Soda Kombucha,2026-01-04,0
LIVE Soda Kombucha,LIVE Soda Kombucha,2026-01-11,0
LIVE Soda Kombucha,LIVE Soda Kombucha,2026-01-18,0
LIVE Soda Kombucha,LIVE Soda Kombucha,2026-01-25,0
LIVE Soda Kombucha,LIVE Soda Kombucha,2026-02-01,0
LIVE Soda Kombucha,LIVE Soda Kombucha,2026-02-08,0
LIVE Soda Kombucha,LIVE Soda Kombucha,2026-02-15,0
LIVE Soda Kombucha,LIVE Soda Kombucha,2026-02-22,0
LIVE Soda Kombucha,LIVE Soda Kombucha,2026-03-01,0
LIVE Soda Kombucha,LIVE Soda Kombucha,2026-03-08,0
LIVE Soda Kombucha,LIVE Soda Kombucha,2026-03-15,0
Rowdy Mermaid,Rowdy Mermaid,2024-12-29,0
Rowdy Mermaid,Rowdy Mermaid,2025-01-05,0
Rowdy Mermaid,Rowdy Mermaid,2025-01-12,0
Rowdy Mermaid,Rowdy Mermaid,2025-01-19,0
Rowdy Mermaid,Rowdy Mermaid,2025-01-26,0
Rowdy Mermaid,Rowdy Mermaid,2025-02-02,0
Rowdy Mermaid,Rowdy Mermaid,2025-02-09,0
Rowdy Mermaid,Rowdy Mermaid,2025-02-16,0
Rowdy Mermaid,Rowdy Mermaid,2025-02-23,0
Rowdy Mermaid,Rowdy Mermaid,2025-03-02,0
Rowdy Mermaid,Rowdy Mermaid,2025-03-09,0
Rowdy Mermaid,Rowdy Mermaid,2025-03-16,0
Rowdy Mermaid,Rowdy Mermaid,2025-03-23,0
Rowdy Mermaid,Rowdy Mermaid,2025-03-30,0
Rowdy Mermaid,Rowdy Mermaid,2025-04-06,0
Rowdy Mermaid,Rowdy Mermaid,2025-04-13,0
Rowdy Mermaid,Rowdy Mermaid,2025-04-20,0
Rowdy Mermaid,Rowdy Mermaid,2025-04-27,0
Rowdy Mermaid,Rowdy Mermaid,2025-05-04,0
Rowdy Mermaid,Rowdy Mermaid,2025-05-11,0
Rowdy Mermaid,Rowdy Mermaid,2025-05-18,0
Rowdy Mermaid,Rowdy Mermaid,2025-05-25,0
Rowdy Mermaid,Rowdy Mermaid,2025-06-01,0
Rowdy Mermaid,Rowdy Mermaid,2025-06-08,0
Rowdy Mermaid,Rowdy Mermaid,2025-06-15,0
Rowdy Mermaid,Rowdy Mermaid,2025-06-22,0
Rowdy Mermaid,Rowdy Mermaid,2025-06-29,0
Rowdy Mermaid,Rowdy Mermaid,2025-07-06,0
Rowdy Mermaid,Rowdy Mermaid,2025-07-13,0
Rowdy Mermaid,Rowdy Mermaid,2025-07-20,0
Rowdy Mermaid,Rowdy Mermaid,2025-07-27,0
Rowdy Mermaid,Rowdy Mermaid,2025-08-03,0
Rowdy Mermaid,Rowdy Mermaid,2025-08-10,0
Rowdy Mermaid,Rowdy Mermaid,2025-08-17,0
Rowdy Mermaid,Rowdy Mermaid,2025-08-24,0
Rowdy Mermaid,Rowdy Mermaid,2025-08-31,0
Rowdy Mermaid,Rowdy Mermaid,2025-09-07,0
Rowdy Mermaid,Rowdy Mermaid,2025-09-14,0
Rowdy Mermaid,Rowdy Mermaid,2025-09-21,0
Rowdy Mermaid,Rowdy Mermaid,2025-09-28,0
Rowdy Mermaid,Rowdy Mermaid,2025-10-05,0
Rowdy Mermaid,Rowdy Mermaid,2025-10-12,0
Rowdy Mermaid,Rowdy Mermaid,2025-10-19,0
Rowdy Mermaid,Rowdy Mermaid,2025-10-26,0
Rowdy Mermaid,Rowdy Mermaid,2025-11-02,0
Rowdy Mermaid,Rowdy Mermaid,2025-11-09,0
Rowdy Mermaid,Rowdy Mermaid,2025-11-16,0
Rowdy Mermaid,Rowdy Mermaid,2025-11-23,0
Rowdy Mermaid,Rowdy Mermaid,2025-11-30,0
Rowdy Mermaid,Rowdy Mermaid,2025-12-07,0
Rowdy Mermaid,Rowdy Mermaid,2025-12-14,0
Rowdy Mermaid,Rowdy Mermaid,2025-12-21,0
Rowdy Mermaid,Rowdy Mermaid,2025-12-28,0
Rowdy Mermaid,Rowdy Mermaid,2026-01-04,0
Rowdy Mermaid,Rowdy Mermaid,2026-01-11,0
Rowdy Mermaid,Rowdy Mermaid,2026-01-18,0
Rowdy Mermaid,Rowdy Mermaid,2026-01-25,0
Rowdy Mermaid,Rowdy Mermaid,2026-02-01,0
Rowdy Mermaid,Rowdy Mermaid,2026-02-08,0
Rowdy Mermaid,Rowdy Mermaid,2026-02-15,0
Rowdy Mermaid,Rowdy Mermaid,2026-02-22,0
Rowdy Mermaid,Rowdy Mermaid,2026-03-01,0
Rowdy Mermaid,Rowdy Mermaid,2026-03-08,0
Rowdy Mermaid,Rowdy Mermaid,2026-03-15,0
Revive Kombucha,Revive Kombucha,2024-12-29,0
Revive Kombucha,Revive Kombucha,2025-01-05,0
Revive Kombucha,Revive Kombucha,2025-01-12,0
Revive Kombucha,Revive Kombucha,2025-01-19,0
Revive Kombucha,Revive Kombucha,2025-01-26,0
Revive Kombucha,Revive Kombucha,2025-02-02,0
Revive Kombucha,Revive Kombucha,2025-02-09,0
Revive Kombucha,Revive Kombucha,2025-02-16,0
Revive Kombucha,Revive Kombucha,2025-02-23,0
Revive Kombucha,Revive Kombucha,2025-03-02,0
Revive Kombucha,Revive Kombucha,2025-03-09,0
Revive Kombucha,Revive Kombucha,2025-03-16,0
Revive Kombucha,Revive Kombucha,2025-03-23,0
Revive Kombucha,Revive Kombucha,2025-03-30,0
Revive Kombucha,Revive Kombucha,2025-04-06,0
Revive Kombucha,Revive Kombucha,2025-04-13,0
Revive Kombucha,Revive Kombucha,2025-04-20,0
Revive Kombucha,Revive Kombucha,2025-04-27,0
Revive Kombucha,Revive Kombucha,2025-05-04,0
Revive Kombucha,Revive Kombucha,2025-05-11,0
Revive Kombucha,Revive Kombucha,2025-05-18,0
Revive Kombucha,Revive Kombucha,2025-05-25,0
Revive Kombucha,Revive Kombucha,2025-06-01,0
Revive Kombucha,Revive Kombucha,2025-06-08,0
Revive Kombucha,Revive Kombucha,2025-06-15,0
Revive Kombucha,Revive Kombucha,2025-06-22,18
Revive Kombucha,Revive Kombucha,2025-06-29,0
Revive Kombucha,Revive Kombucha,2025-07-06,0
Revive Kombucha,Revive Kombucha,2025-07-13,0
Revive Kombucha,Revive Kombucha,2025-07-20,0
Revive Kombucha,Revive Kombucha,2025-07-27,0
Revive Kombucha,Revive Kombucha,2025-08-03,0
Revive Kombucha,Revive Kombucha,2025-08-10,0
Revive Kombucha,Revive Kombucha,2025-08-17,0
Revive Kombucha,Revive Kombucha,2025-08-24,0
Revive Kombucha,Revive Kombucha,2025-08-31,0
Revive Kombucha,Revive Kombucha,2025-09-07,0
Revive Kombucha,Revive Kombucha,2025-09-14,0
Revive Kombucha,Revive Kombucha,2025-09-21,0
Revive Kombucha,Revive Kombucha,2025-09-28,0
Revive Kombucha,Revive Kombucha,2025-10-05,0
Revive Kombucha,Revive Kombucha,2025-10-12,0
Revive Kombucha,Revive Kombucha,2025-10-19,0
Revive Kombucha,Revive Kombucha,2025-10-26,0
Revive Kombucha,Revive Kombucha,2025-11-02,0
Revive Kombucha,Revive Kombucha,2025-11-09,0
Revive Kombucha,Revive Kombucha,2025-11-16,0
Revive Kombucha,Revive Kombucha,2025-11-23,0
Revive Kombucha,Revive Kombucha,2025-11-30,0
Revive Kombucha,Revive Kombucha,2025-12-07,0
Revive Kombucha,Revive Kombucha,2025-12-14,0
Revive Kombucha,Revive Kombucha,2025-12-21,0
Revive Kombucha,Revive Kombucha,2025-12-28,0
Revive Kombucha,Revive Kombucha,2026-01-04,0
Revive Kombucha,Revive Kombucha,2026-01-11,0
Revive Kombucha,Revive Kombucha,2026-01-18,0
Revive Kombucha,Revive Kombucha,2026-01-25,0
Revive Kombucha,Revive Kombucha,2026-02-01,0
Revive Kombucha,Revive Kombucha,2026-02-08,0
Revive Kombucha,Revive Kombucha,2026-02-15,0
Revive Kombucha,Revive Kombucha,2026-02-22,0
Revive Kombucha,Revive Kombucha,2026-03-01,0
Revive Kombucha,Revive Kombucha,2026-03-08,0
Revive Kombucha,Revive Kombucha,2026-03-15,0
Wild Tonic,Wild Tonic,2024-12-29,0
Wild Tonic,Wild Tonic,2025-01-05,0
Wild Tonic,Wild Tonic,2025-01-12,0
Wild Tonic,Wild Tonic,2025-01-19,0
Wild Tonic,Wild Tonic,2025-01-26,0
Wild Tonic,Wild Tonic,2025-02-02,0
Wild Tonic,Wild Tonic,2025-02-09,0
Wild Tonic,Wild Tonic,2025-02-16,0
Wild Tonic,Wild Tonic,2025-02-23,0
Wild Tonic,Wild Tonic,2025-03-02,0
Wild Tonic,Wild Tonic,2025-03-09,0
Wild Tonic,Wild Tonic,2025-03-16,0
Wild Tonic,Wild Tonic,2025-03-23,0
Wild Tonic,Wild Tonic,2025-03-30,0
Wild Tonic,Wild Tonic,2025-04-06,0
Wild Tonic,Wild Tonic,2025-04-13,0
Wild Tonic,Wild Tonic,2025-04-20,0
Wild Tonic,Wild Tonic,2025-04-27,0
Wild Tonic,Wild Tonic,2025-05-04,0
Wild Tonic,Wild Tonic,2025-05-11,0
Wild Tonic,Wild Tonic,2025-05-18,0
Wild Tonic,Wild Tonic,2025-05-25,0
Wild Tonic,Wild Tonic,2025-06-01,14
Wild Tonic,Wild Tonic,2025-06-08,0
Wild Tonic,Wild Tonic,2025-06-15,0
Wild Tonic,Wild Tonic,2025-06-22,0
Wild Tonic,Wild Tonic,2025-06-29,0
Wild Tonic,Wild Tonic,2025-07-06,0
Wild Tonic,Wild Tonic,2025-07-13,0
Wild Tonic,Wild Tonic,2025-07-20,0
Wild Tonic,Wild Tonic,2025-07-27,0
Wild Tonic,Wild Tonic,2025-08-03,0
Wild Tonic,Wild Tonic,2025-08-10,0
Wild Tonic,Wild Tonic,2025-08-17,0
Wild Tonic,Wild Tonic,2025-08-24,0
Wild Tonic,Wild Tonic,2025-08-31,0
Wild Tonic,Wild Tonic,2025-09-07,0
Wild Tonic,Wild Tonic,2025-09-14,0
Wild Tonic,Wild Tonic,2025-09-21,0
Wild Tonic,Wild Tonic,2025-09-28,0
Wild Tonic,Wild Tonic,2025-10-05,0
Wild Tonic,Wild Tonic,2025-10-12,0
Wild Tonic,Wild Tonic,2025-10-19,0
Wild Tonic,Wild Tonic,2025-10-26,0
Wild Tonic,Wild Tonic,2025-11-02,0
Wild Tonic,Wild Tonic,2025-11-09,0
Wild Tonic,Wild Tonic,2025-11-16,0
Wild Tonic,Wild Tonic,2025-11-23,0
Wild Tonic,Wild Tonic,2025-11-30,21
Wild Tonic,Wild Tonic,2025-12-07,0
Wild Tonic,Wild Tonic,2025-12-14,0
Wild Tonic,Wild Tonic,2025-12-21,0
Wild Tonic,Wild Tonic,2025-12-28,0
Wild Tonic,Wild Tonic,2026-01-04,0
Wild Tonic,Wild Tonic,2026-01-11,0
Wild Tonic,Wild Tonic,2026-01-18,0
Wild Tonic,Wild Tonic,2026-01-25,0
Wild Tonic,Wild Tonic,2026-02-01,0
Wild Tonic,Wild Tonic,2026-02-08,0
Wild Tonic,Wild Tonic,2026-02-15,0
Wild Tonic,Wild Tonic,2026-02-22,0
Wild Tonic,Wild Tonic,2026-03-01,1
Wild Tonic,Wild Tonic,2026-03-08,2
Wild Tonic,Wild Tonic,2026-03-15,0
Oatly,Oatly,2024-12-29,50
Oatly,Oatly,2025-01-05,85
Oatly,Oatly,2025-01-12,59
Oatly,Oatly,2025-01-19,77
Oatly,Oatly,2025-01-26,83
Oatly,Oatly,2025-02-02,100
Oatly,Oatly,2025-02-09,64
Oatly,Oatly,2025-02-16,82
Oatly,Oatly,2025-02-23,85
Oatly,Oatly,2025-03-02,95
Oatly,Oatly,2025-03-09,76
Oatly,Oatly,2025-03-16,70
Oatly,Oatly,2025-03-23,61
Oatly,Oatly,2025-03-30,73
Oatly,Oatly,2025-04-06,66
Oatly,Oatly,2025-04-13,56
Oatly,Oatly,2025-04-20,63
Oatly,Oatly,2025-04-27,61
Oatly,Oatly,2025-05-04,67
Oatly,Oatly,2025-05-11,63
Oatly,Oatly,2025-05-18,71
Oatly,Oatly,2025-05-25,51
Oatly,Oatly,2025-06-01,70
Oatly,Oatly,2025-06-08,64
Oatly,Oatly,2025-06-15,71
Oatly,Oatly,2025-06-22,70
Oatly,Oatly,2025-06-29,72
Oatly,Oatly,2025-07-06,61
Oatly,Oatly,2025-07-13,62
Oatly,Oatly,2025-07-20,73
Oatly,Oatly,2025-07-27,77
Oatly,Oatly,2025-08-03,68
Oatly,Oatly,2025-08-10,82
Oatly,Oatly,2025-08-17,84
Oatly,Oatly,2025-08-24,80
Oatly,Oatly,2025-08-31,55
Oatly,Oatly,2025-09-07,58
Oatly,Oatly,2025-09-14,46
Oatly,Oatly,2025-09-21,58
Oatly,Oatly,2025-09-28,40
Oatly,Oatly,2025-10-05,57
Oatly,Oatly,2025-10-12,44
Oatly,Oatly,2025-10-19,56
Oatly,Oatly,2025-10-26,49
Oatly,Oatly,2025-11-02,48
Oatly,Oatly,2025-11-09,55
Oatly,Oatly,2025-11-16,63
Oatly,Oatly,2025-11-23,57
Oatly,Oatly,2025-11-30,50
Oatly,Oatly,2025-12-07,50
Oatly,Oatly,2025-12-14,57
Oatly,Oatly,2025-12-21,46
Oatly,Oatly,2025-12-28,58
Oatly,Oatly,2026-01-04,64
Oatly,Oatly,2026-01-11,62
Oatly,Oatly,2026-01-18,67
Oatly,Oatly,2026-01-25,67
Oatly,Oatly,2026-02-01,73
Oatly,Oatly,2026-02-08,64
Oatly,Oatly,2026-02-15,77
Oatly,Oatly,2026-02-22,55
Oatly,Oatly,2026-03-01,52
Oatly,Oatly,2026-03-08,65
Oatly,Oatly,2026-03-15,65
Califia Farms,Califia Farms,2024-12-29,31
Califia Farms,Califia Farms,2025-01-05,20
Califia Farms,Califia Farms,2025-01-12,19
Califia Farms,Califia Farms,2025-01-19,24
Califia Farms,Califia Farms,2025-01-26,20
Califia Farms,Califia Farms,2025-02-02,26
Califia Farms,Califia Farms,2025-02-09,26
Califia Farms,Califia Farms,2025-02-16,22
Califia Farms,Califia Farms,2025-02-23,20
Califia Farms,Califia Farms,2025-03-02,25
Califia Farms,Califia Farms,2025-03-09,17
Califia Farms,Califia Farms,2025-03-16,23
Califia Farms,Califia Farms,2025-03-23,15
Califia Farms,Califia Farms,2025-03-30,20
Califia Farms,Califia Farms,2025-04-06,29
Califia Farms,Califia Farms,2025-04-13,17
Califia Farms,Califia Farms,2025-04-20,25
Califia Farms,Califia Farms,2025-04-27,17
Califia Farms,Califia Farms,2025-05-04,21
Califia Farms,Califia Farms,2025-05-11,18
Califia Farms,Califia Farms,2025-05-18,27
Califia Farms,Califia Farms,2025-05-25,23
Califia Farms,Califia Farms,2025-06-01,25
Califia Farms,Califia Farms,2025-06-08,23
Califia Farms,Califia Farms,2025-06-15,33
Califia Farms,Califia Farms,2025-06-22,32
Califia Farms,Califia Farms,2025-06-29,23
Califia Farms,Califia Farms,2025-07-06,39
Califia Farms,Califia Farms,2025-07-13,21
Califia Farms,Califia Farms,2025-07-20,35
Califia Farms,Califia Farms,2025-07-27,32
Califia Farms,Califia Farms,2025-08-03,25
Califia Farms,Califia Farms,2025-08-10,37
Califia Farms,Califia Farms,2025-08-17,28
Califia Farms,Califia Farms,2025-08-24,19
Califia Farms,Califia Farms,2025-08-31,23
Califia Farms,Califia Farms,2025-09-07,23
Califia Farms,Califia Farms,2025-09-14,0
Califia Farms,Califia Farms,2025-09-21,24
Califia Farms,Califia Farms,2025-09-28,17
Califia Farms,Califia Farms,2025-10-05,19
Califia Farms,Califia Farms,2025-10-12,20
Califia Farms,Califia Farms,2025-10-19,22
Califia Farms,Califia Farms,2025-10-26,26
Califia Farms,Califia Farms,2025-11-02,28
Califia Farms,Califia Farms,2025-11-09,31
Califia Farms,Califia Farms,2025-11-16,16
Califia Farms,Califia Farms,2025-11-23,0
Califia Farms,Califia Farms,2025-11-30,14
Califia Farms,Califia Farms,2025-12-07,25
Califia Farms,Califia Farms,2025-12-14,16
Califia Farms,Califia Farms,2025-12-21,19
Califia Farms,Califia Farms,2025-12-28,20
Califia Farms,Califia Farms,2026-01-04,30
Califia Farms,Califia Farms,2026-01-11,28
Califia Farms,Califia Farms,2026-01-18,16
Califia Farms,Califia Farms,2026-01-25,36
Califia Farms,Califia Farms,2026-02-01,24
Califia Farms,Califia Farms,2026-02-08,32
Califia Farms,Califia Farms,2026-02-15,23
Califia Farms,Califia Farms,2026-02-22,18
Califia Farms,Califia Farms,2026-03-01,20
Califia Farms,Califia Farms,2026-03-08,23
Califia Farms,Califia Farms,2026-03-15,16
Ripple Foods,Ripple Foods,2024-12-29,0
Ripple Foods,Ripple Foods,2025-01-05,0
Ripple Foods,Ripple Foods,2025-01-12,0
Ripple Foods,Ripple Foods,2025-01-19,0
Ripple Foods,Ripple Foods,2025-01-26,0
Ripple Foods,Ripple Foods,2025-02-02,0
Ripple Foods,Ripple Foods,2025-02-09,0
Ripple Foods,Ripple Foods,2025-02-16,0
Ripple Foods,Ripple Foods,2025-02-23,0
Ripple Foods,Ripple Foods,2025-03-02,0
Ripple Foods,Ripple Foods,2025-03-09,0
Ripple Foods,Ripple Foods,2025-03-16,0
Ripple Foods,Ripple Foods,2025-03-23,0
Ripple Foods,Ripple Foods,2025-03-30,0
Ripple Foods,Ripple Foods,2025-04-06,0
Ripple Foods,Ripple Foods,2025-04-13,0
Ripple Foods,Ripple Foods,2025-04-20,0
Ripple Foods,Ripple Foods,2025-04-27,0
Ripple Foods,Ripple Foods,2025-05-04,0
Ripple Foods,Ripple Foods,2025-05-11,0
Ripple Foods,Ripple Foods,2025-05-18,0
Ripple Foods,Ripple Foods,2025-05-25,0
Ripple Foods,Ripple Foods,2025-06-01,0
Ripple Foods,Ripple Foods,2025-06-08,0
Ripple Foods,Ripple Foods,2025-06-15,0
Ripple Foods,Ripple Foods,2025-06-22,0
Ripple Foods,Ripple Foods,2025-06-29,0
Ripple Foods,Ripple Foods,2025-07-06,0
Ripple Foods,Ripple Foods,2025-07-13,0
Ripple Foods,Ripple Foods,2025-07-20,0
Ripple Foods,Ripple Foods,2025-07-27,0
Ripple Foods,Ripple Foods,2025-08-03,0
Ripple Foods,Ripple Foods,2025-08-10,0
Ripple Foods,Ripple Foods,2025-08-17,0
Ripple Foods,Ripple Foods,2025-08-24,0
Ripple Foods,Ripple Foods,2025-08-31,0
Ripple Foods,Ripple Foods,2025-09-07,0
Ripple Foods,Ripple Foods,2025-09-14,0
Ripple Foods,Ripple Foods,2025-09-21,0
Ripple Foods,Ripple Foods,2025-09-28,0
Ripple Foods,Ripple Foods,2025-10-05,0
Ripple Foods,Ripple Foods,2025-10-12,0
Ripple Foods,Ripple Foods,2025-10-19,0
Ripple Foods,Ripple Foods,2025-10-26,0
Ripple Foods,Ripple Foods,2025-11-02,0
Ripple Foods,Ripple Foods,2025-11-09,0
Ripple Foods,Ripple Foods,2025-11-16,0
Ripple Foods,Ripple Foods,2025-11-23,0
Ripple Foods,Ripple Foods,2025-11-30,0
Ripple Foods,Ripple Foods,2025-12-07,0
Ripple Foods,Ripple Foods,2025-12-14,0
Ripple Foods,Ripple Foods,2025-12-21,0
Ripple Foods,Ripple Foods,2025-12-28,0
Ripple Foods,Ripple Foods,2026-01-04,0
Ripple Foods,Ripple Foods,2026-01-11,0
Ripple Foods,Ripple Foods,2026-01-18,0
Ripple Foods,Ripple Foods,2026-01-25,0
Ripple Foods,Ripple Foods,2026-02-01,0
Ripple Foods,Ripple Foods,2026-02-08,0
Ripple Foods,Ripple Foods,2026-02-15,0
Ripple Foods,Ripple Foods,2026-02-22,0
Ripple Foods,Ripple Foods,2026-03-01,1
Ripple Foods,Ripple Foods,2026-03-08,2
Ripple Foods,Ripple Foods,2026-03-15,0
Elmhurst 1925,Elmhurst 1925,2024-12-29,0
Elmhurst 1925,Elmhurst 1925,2025-01-05,0
Elmhurst 1925,Elmhurst 1925,2025-01-12,0
Elmhurst 1925,Elmhurst 1925,2025-01-19,0
Elmhurst 1925,Elmhurst 1925,2025-01-26,0
Elmhurst 1925,Elmhurst 1925,2025-02-02,0
Elmhurst 1925,Elmhurst 1925,2025-02-09,0
Elmhurst 1925,Elmhurst 1925,2025-02-16,0
Elmhurst 1925,Elmhurst 1925,2025-02-23,0
Elmhurst 1925,Elmhurst 1925,2025-03-02,0
Elmhurst 1925,Elmhurst 1925,2025-03-09,0
Elmhurst 1925,Elmhurst 1925,2025-03-16,0
Elmhurst 1925,Elmhurst 1925,2025-03-23,0
Elmhurst 1925,Elmhurst 1925,2025-03-30,0
Elmhurst 1925,Elmhurst 1925,2025-04-06,0
Elmhurst 1925,Elmhurst 1925,2025-04-13,0
Elmhurst 1925,Elmhurst 1925,2025-04-20,0
Elmhurst 1925,Elmhurst 1925,2025-04-27,0
Elmhurst 1925,Elmhurst 1925,2025-05-04,0
Elmhurst 1925,Elmhurst 1925,2025-05-11,0
Elmhurst 1925,Elmhurst 1925,2025-05-18,0
Elmhurst 1925,Elmhurst 1925,2025-05-25,0
Elmhurst 1925,Elmhurst 1925,2025-06-01,0
Elmhurst 1925,Elmhurst 1925,2025-06-08,0
Elmhurst 1925,Elmhurst 1925,2025-06-15,0
Elmhurst 1925,Elmhurst 1925,2025-06-22,0
Elmhurst 1925,Elmhurst 1925,2025-06-29,0
Elmhurst 1925,Elmhurst 1925,2025-07-06,0
Elmhurst 1925,Elmhurst 1925,2025-07-13,0
Elmhurst 1925,Elmhurst 1925,2025-07-20,0
Elmhurst 1925,Elmhurst 1925,2025-07-27,0
Elmhurst 1925,Elmhurst 1925,2025-08-03,0
Elmhurst 1925,Elmhurst 1925,2025-08-10,0
Elmhurst 1925,Elmhurst 1925,2025-08-17,0
Elmhurst 1925,Elmhurst 1925,2025-08-24,0
Elmhurst 1925,Elmhurst 1925,2025-08-31,0
Elmhurst 1925,Elmhurst 1925,2025-09-07,0
Elmhurst 1925,Elmhurst 1925,2025-09-14,0
Elmhurst 1925,Elmhurst 1925,2025-09-21,0
Elmhurst 1925,Elmhurst 1925,2025-09-28,0
Elmhurst 1925,Elmhurst 1925,2025-10-05,0
Elmhurst 1925,Elmhurst 1925,2025-10-12,0
Elmhurst 1925,Elmhurst 1925,2025-10-19,0
Elmhurst 1925,Elmhurst 1925,2025-10-26,0
Elmhurst 1925,Elmhurst 1925,2025-11-02,0
Elmhurst 1925,Elmhurst 1925,2025-11-09,0
Elmhurst 1925,Elmhurst 1925,2025-11-16,0
Elmhurst 1925,Elmhurst 1925,2025-11-23,0
Elmhurst 1925,Elmhurst 1925,2025-11-30,0
Elmhurst 1925,Elmhurst 1925,2025-12-07,0
Elmhurst 1925,Elmhurst 1925,2025-12-14,0
Elmhurst 1925,Elmhurst 1925,2025-12-21,0
Elmhurst 1925,Elmhurst 1925,2025-12-28,0
Elmhurst 1925,Elmhurst 1925,2026-01-04,0
Elmhurst 1925,Elmhurst 1925,2026-01-11,0
Elmhurst 1925,Elmhurst 1925,2026-01-18,0
Elmhurst 1925,Elmhurst 1925,2026-01-25,0
Elmhurst 1925,Elmhurst 1925,2026-02-01,0
Elmhurst 1925,Elmhurst 1925,2026-02-08,0
Elmhurst 1925,Elmhurst 1925,2026-02-15,0
Elmhurst 1925,Elmhurst 1925,2026-02-22,0
Elmhurst 1925,Elmhurst 1925,2026-03-01,1
Elmhurst 1925,Elmhurst 1925,2026-03-08,0
Elmhurst 1925,Elmhurst 1925,2026-03-15,0
Malk Organics,Malk Organics,2024-12-29,0
Malk Organics,Malk Organics,2025-01-05,0
Malk Organics,Malk Organics,2025-01-12,0
Malk Organics,Malk Organics,2025-01-19,0
Malk Organics,Malk Organics,2025-01-26,0
Malk Organics,Malk Organics,2025-02-02,0
Malk Organics,Malk Organics,2025-02-09,0
Malk Organics,Malk Organics,2025-02-16,0
Malk Organics,Malk Organics,2025-02-23,0
Malk Organics,Malk Organics,2025-03-02,0
Malk Organics,Malk Organics,2025-03-09,0
Malk Organics,Malk Organics,2025-03-16,0
Malk Organics,Malk Organics,2025-03-23,0
Malk Organics,Malk Organics,2025-03-30,0
Malk Organics,Malk Organics,2025-04-06,0
Malk Organics,Malk Organics,2025-04-13,0
Malk Organics,Malk Organics,2025-04-20,0
Malk Organics,Malk Organics,2025-04-27,0
Malk Organics,Malk Organics,2025-05-04,0
Malk Organics,Malk Organics,2025-05-11,0
Malk Organics,Malk Organics,2025-05-18,0
Malk Organics,Malk Organics,2025-05-25,0
Malk Organics,Malk Organics,2025-06-01,0
Malk Organics,Malk Organics,2025-06-08,0
Malk Organics,Malk Organics,2025-06-15,0
Malk Organics,Malk Organics,2025-06-22,0
Malk Organics,Malk Organics,2025-06-29,0
Malk Organics,Malk Organics,2025-07-06,0
Malk Organics,Malk Organics,2025-07-13,0
Malk Organics,Malk Organics,2025-07-20,0
Malk Organics,Malk Organics,2025-07-27,0
Malk Organics,Malk Organics,2025-08-03,0
Malk Organics,Malk Organics,2025-08-10,0
Malk Organics,Malk Organics,2025-08-17,0
Malk Organics,Malk Organics,2025-08-24,0
Malk Organics,Malk Organics,2025-08-31,0
Malk Organics,Malk Organics,2025-09-07,0
Malk Organics,Malk Organics,2025-09-14,0
Malk Organics,Malk Organics,2025-09-21,0
Malk Organics,Malk Organics,2025-09-28,0
Malk Organics,Malk Organics,2025-10-05,0
Malk Organics,Malk Organics,2025-10-12,0
Malk Organics,Malk Organics,2025-10-19,0
Malk Organics,Malk Organics,2025-10-26,0
Malk Organics,Malk Organics,2025-11-02,0
Malk Organics,Malk Organics,2025-11-09,0
Malk Organics,Malk Organics,2025-11-16,0
Malk Organics,Malk Organics,2025-11-23,0
Malk Organics,Malk Organics,2025-11-30,0
Malk Organics,Malk Organics,2025-12-07,0
Malk Organics,Malk Organics,2025-12-14,0
Malk Organics,Malk Organics,2025-12-21,0
Malk Organics,Malk Organics,2025-12-28,0
Malk Organics,Malk Organics,2026-01-04,0
Malk Organics,Malk Organics,2026-01-11,0
Malk Organics,Malk Organics,2026-01-18,0
Malk Organics,Malk Organics,2026-01-25,0
Malk Organics,Malk Organics,2026-02-01,0
Malk Organics,Malk Organics,2026-02-08,0
Malk Organics,Malk Organics,2026-02-15,0
Malk Organics,Malk Organics,2026-02-22,0
Malk Organics,Malk Organics,2026-03-01,0
Malk Organics,Malk Organics,2026-03-08,1
Malk Organics,Malk Organics,2026-03-15,0
Three Trees,Three Trees,2024-12-29,46
Three Trees,Three Trees,2025-01-05,50
Three Trees,Three Trees,2025-01-12,69
Three Trees,Three Trees,2025-01-19,56
Three Trees,Three Trees,2025-01-26,66
Three Trees,Three Trees,2025-02-02,53
Three Trees,Three Trees,2025-02-09,63
Three Trees,Three Trees,2025-02-16,53
Three Trees,Three Trees,2025-02-23,54
Three Trees,Three Trees,2025-03-02,55
Three Trees,Three Trees,2025-03-09,72
Three Trees,Three Trees,2025-03-16,70
Three Trees,Three Trees,2025-03-23,69
Three Trees,Three Trees,2025-03-30,56
Three Trees,Three Trees,2025-04-06,69
Three Trees,Three Trees,2025-04-13,60
Three Trees,Three Trees,2025-04-20,53
Three Trees,Three Trees,2025-04-27,100
Three Trees,Three Trees,2025-05-04,70
Three Trees,Three Trees,2025-05-11,81
Three Trees,Three Trees,2025-05-18,70
Three Trees,Three Trees,2025-05-25,64
Three Trees,Three Trees,2025-06-01,49
Three Trees,Three Trees,2025-06-08,43
Three Trees,Three Trees,2025-06-15,52
Three Trees,Three Trees,2025-06-22,46
Three Trees,Three Trees,2025-06-29,65
Three Trees,Three Trees,2025-07-06,55
Three Trees,Three Trees,2025-07-13,49
Three Trees,Three Trees,2025-07-20,37
Three Trees,Three Trees,2025-07-27,45
Three Trees,Three Trees,2025-08-03,23
Three Trees,Three Trees,2025-08-10,40
Three Trees,Three Trees,2025-08-17,30
Three Trees,Three Trees,2025-08-24,51
Three Trees,Three Trees,2025-08-31,52
Three Trees,Three Trees,2025-09-07,58
Three Trees,Three Trees,2025-09-14,58
Three Trees,Three Trees,2025-09-21,74
Three Trees,Three Trees,2025-09-28,59
Three Trees,Three Trees,2025-10-05,57
Three Trees,Three Trees,2025-10-12,67
Three Trees,Three Trees,2025-10-19,59
Three Trees,Three Trees,2025-10-26,68
Three Trees,Three Trees,2025-11-02,66
Three Trees,Three Trees,2025-11-09,64
Three Trees,Three Trees,2025-11-16,77
Three Trees,Three Trees,2025-11-23,32
Three Trees,Three Trees,2025-11-30,65
Three Trees,Three Trees,2025-12-07,83
Three Trees,Three Trees,2025-12-14,72
Three Trees,Three Trees,2025-12-21,53
Three Trees,Three Trees,2025-12-28,38
Three Trees,Three Trees,2026-01-04,56
Three Trees,Three Trees,2026-01-11,59
Three Trees,Three Trees,2026-01-18,66
Three Trees,Three Trees,2026-01-25,53
Three Trees,Three Trees,2026-02-01,92
Three Trees,Three Trees,2026-02-08,56
Three Trees,Three Trees,2026-02-15,82
Three Trees,Three Trees,2026-02-22,74
Three Trees,Three Trees,2026-03-01,44
Three Trees,Three Trees,2026-03-08,54
Three Trees,Three Trees,2026-03-15,40
Forager Project,Forager Project,2024-12-29,0
Forager Project,Forager Project,2025-01-05,0
Forager Project,Forager Project,2025-01-12,0
Forager Project,Forager Project,2025-01-19,0
Forager Project,Forager Project,2025-01-26,0
Forager Project,Forager Project,2025-02-02,0
Forager Project,Forager Project,2025-02-09,0
Forager Project,Forager Project,2025-02-16,0
Forager Project,Forager Project,2025-02-23,0
Forager Project,Forager Project,2025-03-02,0
Forager Project,Forager Project,2025-03-09,0
Forager Project,Forager Project,2025-03-16,0
Forager Project,Forager Project,2025-03-23,0
Forager Project,Forager Project,2025-03-30,0
Forager Project,Forager Project,2025-04-06,0
Forager Project,Forager Project,2025-04-13,0
Forager Project,Forager Project,2025-04-20,0
Forager Project,Forager Project,2025-04-27,0
Forager Project,Forager Project,2025-05-04,0
Forager Project,Forager Project,2025-05-11,0
Forager Project,Forager Project,2025-05-18,0
Forager Project,Forager Project,2025-05-25,0
Forager Project,Forager Project,2025-06-01,0
Forager Project,Forager Project,2025-06-08,0
Forager Project,Forager Project,2025-06-15,0
Forager Project,Forager Project,2025-06-22,0
Forager Project,Forager Project,2025-06-29,0
Forager Project,Forager Project,2025-07-06,0
Forager Project,Forager Project,2025-07-13,0
Forager Project,Forager Project,2025-07-20,0
Forager Project,Forager Project,2025-07-27,0
Forager Project,Forager Project,2025-08-03,0
Forager Project,Forager Project,2025-08-10,0
Forager Project,Forager Project,2025-08-17,0
Forager Project,Forager Project,2025-08-24,0
Forager Project,Forager Project,2025-08-31,0
Forager Project,Forager Project,2025-09-07,0
Forager Project,Forager Project,2025-09-14,0
Forager Project,Forager Project,2025-09-21,0
Forager Project,Forager Project,2025-09-28,0
Forager Project,Forager Project,2025-10-05,0
Forager Project,Forager Project,2025-10-12,0
Forager Project,Forager Project,2025-10-19,0
Forager Project,Forager Project,2025-10-26,0
Forager Project,Forager Project,2025-11-02,0
Forager Project,Forager Project,2025-11-09,0
Forager Project,Forager Project,2025-11-16,0
Forager Project,Forager Project,2025-11-23,0
Forager Project,Forager Project,2025-11-30,0
Forager Project,Forager Project,2025-12-07,0
Forager Project,Forager Project,2025-12-14,0
Forager Project,Forager Project,2025-12-21,0
Forager Project,Forager Project,2025-12-28,0
Forager Project,Forager Project,2026-01-04,0
Forager Project,Forager Project,2026-01-11,0
Forager Project,Forager Project,2026-01-18,0
Forager Project,Forager Project,2026-01-25,0
Forager Project,Forager Project,2026-02-01,0
Forager Project,Forager Project,2026-02-08,0
Forager Project,Forager Project,2026-02-15,0
Forager Project,Forager Project,2026-02-22,0
Forager Project,Forager Project,2026-03-01,4
Forager Project,Forager Project,2026-03-08,5
Forager Project,Forager Project,2026-03-15,0
