brand,query,post_id,subreddit,title,text,score,num_comments,url,created_utc,type
Health-Ade,health-ade kombucha review,1i5trun,Kombucha,"Health-Ade Kombucha Review – Soda Substitute
","Kombucha is a probiotic that produces bubbles and is a great alternative for those who want to give up soda. It also helps balance intestinal flora, bringing health benefits.

When I was a teacher at a school, a teacher always brought her homemade kombucha, it was very good, I tried to make it at home, but mine was horrible hahahaha. It’s a way to save money and have more quantity if you make it at home.

Here in the United States, I found this brand called Health-Ade at Walmart. Their Kombucha has a hint of vinegar flavor, and I actually liked it. It’s a great help for those who want to give up soda.

I felt that kombucha helped regulate my bowel movements. I’d been feeling really bad lately. I found out why. When I moved to the United States, I became neurotic about not wanting to gain weight. I started eating a lot of diet foods, 0 calories. I’m also lactose intolerant.

I was feeling really sick, and then I found out that I have a low tolerance for sucralose, and some plant-based milks have an additive called guar gum, which was also making me feel bad.

I’m adjusting my diet. Now, as far as drinks go, I’m drinking more homemade natural juice, water, and Kombucha as a probiotic. The milk that I’ve adapted to the most here is oat milk. Coconut milk has the additive guar gum, which hasn’t been my friend.

I highly recommend trying the brand. It’s always good to include probiotics in your diet to help protect your intestines and boost your immunity. For those who aren’t used to it, it’s like taking Yakult, fermented milk. Take small doses so it doesn’t go bad.",0,6,https://reddit.com/r/Kombucha/comments/1i5trun/healthade_kombucha_review_soda_substitute/,1737389586,post
Health-Ade,health-ade kombucha review,1i5trun,Kombucha,,"Thanks for the comment, someday I am going to try again.",1,0,,1737771164,comment
Health-Ade,health-ade kombucha review,1i5trun,Kombucha,,Kombucha is fairly east to make at home.  You cover a wide mouth container with cloth or filter paper and fill it with sweetened tea and a bottle of commercial kombucha.  Stir vigorously to get a lot of air it to it for yeast to reproduce.  There will be lots of bubbles followed by the growth of cellulose that looks like snot or a jelly fish.  The cellulose pellicle is just a sign of a Heatly culture and will usually grow after 2 or three batches.,1,0,,1737572800,comment
Health-Ade,health-ade kombucha review,1i5trun,Kombucha,,"I've tried to make it at home, but I can't get it to work, so I prefer to buy it ready-made because it's more practical.",1,0,,1737571773,comment
Health-Ade,health-ade kombucha review,1i5trun,Kombucha,,significantly less when made at home and fully fermented. One should not speak for kombucha as a whole most is bought commercially.,1,0,,1737413966,comment
Health-Ade,health-ade kombucha review,1i5trun,Kombucha,,"There is sugar in kombucha, but it is significantly less than soda. If you’re looking for something with zero sugar, kombucha doesn’t work. If you’re looking for something with low sugar, carbonation, and probiotics, kombucha is a good solution. 

Gotta watch for the brand though, some kombuchas have a lot of added (unnecessary) sugar. If you make your own, you have a relatively high amount of control over how much sugar is in it",1,0,,1737413155,comment
Health-Ade,health-ade kombucha review,1i5trun,Kombucha,,"It has sugar, just look the ingredients, substitute of soda in the sense the drink is carbonated, has probiotics and it helps the intestine's health.",0,0,,1737411822,comment
Health-Ade,health-ade kombucha review,1i5trun,Kombucha,,Sounds like he'll get an A on his paper in class!,1,0,,1737401878,comment
Health-Ade,health-ade kombucha review,1i5trun,Kombucha,,I have a continuous glucose monitor and I drank a bottle of health-aid last week.  It managed to spike my glucose indicating there is still a lot of residual sugars in their blend.  So as a Soda replacement it doesn't check that box.,2,0,,1737400482,comment
Health-Ade,health-ade kombucha review,1i5trun,Kombucha,,"You do realize you posted a recommendation to drink kombucha in the r/kombucha sub, right? SMH",5,0,,1737398421,comment
Health-Ade,health-ade kombucha taste,1ogz55y,Kombucha,Did Health-Ade Kombucha always taste like that lolol,"The pomegranate one was really starting to become my fun nighttime drink and then a few days ago I noticed something SO AWFUL about the aftertaste. I think it was maybe too yeasty? Idk for sure but after drinking it for months I have never noticed that before, I kind of like the carbonated-ness and that vinegar ish taste but once I started realizing the aftertaste was like feet I could not take another sip. It randomly started taking over the flavor of the whole drink for me, like sometimes you can’t even taste the vinegary aspect at all. I can’t tell if it’s always been there or if something switched up recently HAHAH does anyone understand what I mean ",3,7,https://reddit.com/r/Kombucha/comments/1ogz55y/did_healthade_kombucha_always_taste_like_that/,1761520963,post
Health-Ade,health-ade kombucha taste,1ogz55y,Kombucha,,"I know it’s an old thread, but I used to buy health aid two years ago and it used to be more like juice.  I think now it’s definitely more yeasty so they definitely had to have changed their formula",1,0,,1767759872,comment
Health-Ade,health-ade kombucha taste,1ogz55y,Kombucha,,I just had the bubbly rose and it tastes rancid ! Bought a big jug of the apple one I hope it’s not bad,1,0,,1765578959,comment
Health-Ade,health-ade kombucha taste,1ogz55y,Kombucha,,Oooo interesting,1,0,,1761868103,comment
Health-Ade,health-ade kombucha taste,1ogz55y,Kombucha,,"Yeah, it was really good then it wasn't.",1,0,,1761617464,comment
Health-Ade,health-ade kombucha taste,1ogz55y,Kombucha,,Health aide is probably the worst the first and last time I tried it. Tasted like cheap wine had a baby with dimetapp cough medicine. Maybe they’ve improved it since in a few years but not today Satan for me,2,0,,1761565338,comment
Health-Ade,health-ade kombucha taste,1ogz55y,Kombucha,,"When Kombucha is mass produced it becomes easy for batches to get ""infected"" with bad bacteria or yeast that create off flavors and it's hard to get rid of that/catch it before it gets bottled. I'd guess their mother has gone bad",1,0,,1761541049,comment
Health-Ade,health-ade kombucha taste,1ogz55y,Kombucha,,Yeah heath ade just does not taste good. It feels like I'm drinking sour bred,2,0,,1761539168,comment
Health-Ade,health-ade kombucha taste,1ogz55y,Kombucha,,Health-Ade has always tasted like beer to me and I am not a fan,3,0,,1761528180,comment
Health-Ade,health-ade kombucha taste,1ogz55y,Kombucha,,Omg yes heavy on the like beer in a not good way,2,0,,1761521822,comment
Health-Ade,health-ade kombucha taste,1ogz55y,Kombucha,,I do!!! I started making my own at home because I noticed that a couple of my go to brands in varying flavors started to taste off. Like almost beer like in a not good way.,1,0,,1761521747,comment
