brand,article,timestamp,views
GT's Living Foods,GT's_Living_Foods,2025010100,6
GT's Living Foods,GT's_Living_Foods,2025020100,11
GT's Living Foods,GT's_Living_Foods,2025030100,11
GT's Living Foods,GT's_Living_Foods,2025040100,10
GT's Living Foods,GT's_Living_Foods,2025050100,19
GT's Living Foods,GT's_Living_Foods,2025060100,5
GT's Living Foods,GT's_Living_Foods,2025070100,25
GT's Living Foods,GT's_Living_Foods,2025080100,29
GT's Living Foods,GT's_Living_Foods,2025090100,29
GT's Living Foods,GT's_Living_Foods,2025100100,35
GT's Living Foods,GT's_Living_Foods,2025110100,22
GT's Living Foods,GT's_Living_Foods,2025120100,30
GT's Living Foods,GT's_Living_Foods,2026010100,75
GT's Living Foods,GT's_Living_Foods,2026020100,61
GT's Living Foods,GT's_Living_Foods,2026030100,21
Brew Dr. Kombucha,Brew_Dr._Kombucha,2025010100,241
Brew Dr. Kombucha,Brew_Dr._Kombucha,2025020100,243
Brew Dr. Kombucha,Brew_Dr._Kombucha,2025030100,364
Brew Dr. Kombucha,Brew_Dr._Kombucha,2025040100,419
Brew Dr. Kombucha,Brew_Dr._Kombucha,2025050100,340
Brew Dr. Kombucha,Brew_Dr._Kombucha,2025060100,371
Brew Dr. Kombucha,Brew_Dr._Kombucha,2025070100,344
Brew Dr. Kombucha,Brew_Dr._Kombucha,2025080100,434
Brew Dr. Kombucha,Brew_Dr._Kombucha,2025090100,368
Brew Dr. Kombucha,Brew_Dr._Kombucha,2025100100,321
Brew Dr. Kombucha,Brew_Dr._Kombucha,2025110100,335
Brew Dr. Kombucha,Brew_Dr._Kombucha,2025120100,318
Brew Dr. Kombucha,Brew_Dr._Kombucha,2026010100,312
Brew Dr. Kombucha,Brew_Dr._Kombucha,2026020100,400
Brew Dr. Kombucha,Brew_Dr._Kombucha,2026030100,157
Oatly,Oatly,2025010100,6815
Oatly,Oatly,2025020100,7196
Oatly,Oatly,2025030100,12130
Oatly,Oatly,2025040100,7402
Oatly,Oatly,2025050100,6090
Oatly,Oatly,2025060100,6104
Oatly,Oatly,2025070100,7638
Oatly,Oatly,2025080100,6180
Oatly,Oatly,2025090100,5700
Oatly,Oatly,2025100100,5626
Oatly,Oatly,2025110100,5249
Oatly,Oatly,2025120100,4509
Oatly,Oatly,2026010100,5252
Oatly,Oatly,2026020100,5802
Oatly,Oatly,2026030100,2691
Ripple Foods,Ripple_Foods,2025010100,522
Ripple Foods,Ripple_Foods,2025020100,664
Ripple Foods,Ripple_Foods,2025030100,783
Ripple Foods,Ripple_Foods,2025040100,717
Ripple Foods,Ripple_Foods,2025050100,521
Ripple Foods,Ripple_Foods,2025060100,543
Ripple Foods,Ripple_Foods,2025070100,489
Ripple Foods,Ripple_Foods,2025080100,518
Ripple Foods,Ripple_Foods,2025090100,534
Ripple Foods,Ripple_Foods,2025100100,457
Ripple Foods,Ripple_Foods,2025110100,408
Ripple Foods,Ripple_Foods,2025120100,478
Ripple Foods,Ripple_Foods,2026010100,454
Ripple Foods,Ripple_Foods,2026020100,460
Ripple Foods,Ripple_Foods,2026030100,189
Elmhurst 1925,Elmhurst_1925,2025010100,535
Elmhurst 1925,Elmhurst_1925,2025020100,402
Elmhurst 1925,Elmhurst_1925,2025030100,559
Elmhurst 1925,Elmhurst_1925,2025040100,448
Elmhurst 1925,Elmhurst_1925,2025050100,446
Elmhurst 1925,Elmhurst_1925,2025060100,461
Elmhurst 1925,Elmhurst_1925,2025070100,380
Elmhurst 1925,Elmhurst_1925,2025080100,543
Elmhurst 1925,Elmhurst_1925,2025090100,525
Elmhurst 1925,Elmhurst_1925,2025100100,420
Elmhurst 1925,Elmhurst_1925,2025110100,424
Elmhurst 1925,Elmhurst_1925,2025120100,519
Elmhurst 1925,Elmhurst_1925,2026010100,601
Elmhurst 1925,Elmhurst_1925,2026020100,529
Elmhurst 1925,Elmhurst_1925,2026030100,258
Silk,Silk_(brand),2025010100,2229
Silk,Silk_(brand),2025020100,3207
Silk,Silk_(brand),2025030100,2809
Silk,Silk_(brand),2025040100,2177
Silk,Silk_(brand),2025050100,2423
Silk,Silk_(brand),2025060100,1622
Silk,Silk_(brand),2025070100,1658
Silk,Silk_(brand),2025080100,2431
Silk,Silk_(brand),2025090100,2230
Silk,Silk_(brand),2025100100,1627
Silk,Silk_(brand),2025110100,1667
Silk,Silk_(brand),2025120100,1648
Silk,Silk_(brand),2026010100,1840
Silk,Silk_(brand),2026020100,1844
Silk,Silk_(brand),2026030100,752
So Delicious,So_Delicious,2025010100,88
So Delicious,So_Delicious,2025020100,100
So Delicious,So_Delicious,2025030100,115
So Delicious,So_Delicious,2025040100,94
So Delicious,So_Delicious,2025050100,101
So Delicious,So_Delicious,2025060100,97
So Delicious,So_Delicious,2025070100,92
So Delicious,So_Delicious,2025080100,109
So Delicious,So_Delicious,2025090100,99
So Delicious,So_Delicious,2025100100,105
So Delicious,So_Delicious,2025110100,103
So Delicious,So_Delicious,2025120100,89
So Delicious,So_Delicious,2026010100,91
So Delicious,So_Delicious,2026020100,86
So Delicious,So_Delicious,2026030100,46
Harmless Harvest,Harmless_Harvest,2025020100,2
Harmless Harvest,Harmless_Harvest,2025040100,1
Harmless Harvest,Harmless_Harvest,2025050100,5
Harmless Harvest,Harmless_Harvest,2025060100,1
Harmless Harvest,Harmless_Harvest,2025070100,3
Harmless Harvest,Harmless_Harvest,2025090100,3
Harmless Harvest,Harmless_Harvest,2025100100,3
Harmless Harvest,Harmless_Harvest,2025110100,3
Harmless Harvest,Harmless_Harvest,2026010100,4
Harmless Harvest,Harmless_Harvest,2026020100,6
Harmless Harvest,Harmless_Harvest,2026030100,1
